{
	"class_name" : "PinholeCameraParameters",
	"extrinsic" : 
	[
		0.95129310371028564,
		-0.12663787619235195,
		0.28107699860846369,
		0.0,
		-0.30089785519438961,
		-0.57983458397169174,
		0.7571342918992584,
		0.0,
		0.067096285833627978,
		-0.80483209649209808,
		-0.58969770635764429,
		0.0,
		1160687.3291971982,
		3205907.9986708579,
		-4242377.4528028164,
		1.0
	],
	"intrinsic" : 
	{
		"height" : 1055,
		"intrinsic_matrix" : 
		[
			913.65680099258282,
			0.0,
			0.0,
			0.0,
			913.65680099258282,
			0.0,
			959.5,
			527.0,
			1.0
		],
		"width" : 1920
	},
	"version_major" : 1,
	"version_minor" : 0
}