{
	"class_name" : "PinholeCameraParameters",
	"extrinsic" : 
	[
		0.98313561914033021,
		0.145118383732074,
		0.11128795568501712,
		0.0,
		0.046842975499862757,
		-0.78806370925165292,
		0.61380886748795482,
		0.0,
		0.17677694992243498,
		-0.59824430199001222,
		-0.78157127961089001,
		0.0,
		-740055.42670762574,
		4200211.9978670832,
		-3381461.515739569,
		1.0
	],
	"intrinsic" : 
	{
		"height" : 1055,
		"intrinsic_matrix" : 
		[
			913.65680099258282,
			0.0,
			0.0,
			0.0,
			913.65680099258282,
			0.0,
			959.5,
			527.0,
			1.0
		],
		"width" : 1920
	},
	"version_major" : 1,
	"version_minor" : 0
}