{
	"class_name" : "PinholeCameraParameters",
	"extrinsic" : 
	[
		-0.13860053238652537,
		0.96209869902315837,
		-0.2348531152872321,
		0.0,
		0.86660709603113872,
		0.2326064054649096,
		0.44145939931682382,
		0.0,
		0.47935585271346021,
		-0.14233886846058699,
		-0.8660009312897482,
		0.0,
		-4629151.9791790778,
		-1736509.727483494,
		-2276521.6068423949,
		1.0
	],
	"intrinsic" : 
	{
		"height" : 1055,
		"intrinsic_matrix" : 
		[
			913.65680099258282,
			0.0,
			0.0,
			0.0,
			913.65680099258282,
			0.0,
			959.5,
			527.0,
			1.0
		],
		"width" : 1920
	},
	"version_major" : 1,
	"version_minor" : 0
}